,train_loss,val_loss,grad_norm
0,85.3382,32.7296,3144.93
1,47.0958,98.8059,2685.69
2,28.8469,36.0432,491.886
3,26.5643,24.5686,297.276
4,25.0604,21.556,117.227
5,24.739,19.7609,82.5418
6,24.5344,18.1322,19.6684
7,24.5273,17.8982,5.29997
8,24.5256,17.8698,1.67666
9,24.525,17.8719,6.28998
10,24.5259,17.8678,0.796089
11,24.5261,17.859,0.163524
12,24.5261,17.855,0.0112896
13,24.5261,17.8551,0.0245123
14,24.5261,17.8552,0.00117765
15,24.5261,17.8552,0.00042751
16,24.5261,17.8552,1.36707e-08
17,24.5261,17.8552,5.32723e-10
18,24.5261,17.8552,1.25185e-11
