,train_loss,val_loss,grad_norm
0,29.161,22.6749,20416.7
1,13.0148,8.83168,10313.7
2,7.14783,5.11025,774.308
3,6.99981,5.0289,813.736
4,6.249,4.61864,401.005
5,6.03068,4.49663,203.85
6,5.8016,4.23051,141.107
7,5.73846,4.19527,34.1348
8,5.73233,4.20515,2.89676e-11
