,train_loss,val_loss,grad_norm
0,23.7172,17.1195,15375.7
1,10.5293,7.47215,8998.5
2,7.30783,5.17463,748.154
3,7.0605,5.05552,1060.1
4,6.46944,4.64138,378.303
5,6.17067,4.48455,127.26
6,6.0651,4.37381,45.2124
7,6.05371,4.36281,7.17391
8,6.05348,4.3648,1.75454e-10
9,6.05348,4.3648,5.02026e-12
