,train_loss,val_loss,grad_norm
0,78.3162,31.5814,2810.08
1,34.3443,79.8625,1883.44
2,28.4334,36.7842,585.648
3,25.9537,27.0505,364.944
4,23.9977,22.9915,181.257
5,23.4892,22.4663,168.04
6,22.8503,27.0214,50.1629
7,22.7989,30.2023,22.6271
8,22.7817,32.1815,7.37878
9,22.7803,32.1217,3.8399
10,22.7795,32.058,1.56113
11,22.779,32.1638,1.11435
12,22.7789,32.106,0.278036
13,22.7789,32.0989,1.28665e-11
