,train_loss,val_loss,grad_norm
0,77.7504,25.6386,2952.15
1,44.6587,89.9946,2641.65
2,28.4049,35.575,570.846
3,25.8036,25.8173,367.884
4,23.9197,22.7026,167.038
5,23.4471,22.4104,158.56
6,22.8793,24.8945,49.4759
7,22.814,28.1486,21.8733
8,22.7961,29.667,8.44975
9,22.7939,29.7808,4.43244
10,22.7925,29.6226,2.74095
11,22.7914,29.6686,0.929319
12,22.7913,29.6287,0.203106
13,22.7913,29.6238,3.67447e-12
