,train_loss,val_loss,grad_norm
0,89.0584,26.0044,3534.04
1,52.5694,95.5486,2882.28
2,28.9117,42.4349,633.777
3,25.9821,28.0568,361.418
4,24.0107,22.9394,183.924
5,23.4722,22.5863,169.622
6,22.8868,26.6789,68.658
7,22.8001,30.3674,22.577
8,22.7816,32.7378,10.1705
9,22.7794,32.8204,3.633
10,22.7787,32.7502,1.18245
11,22.7785,32.8681,1.01609
12,22.7784,32.801,0.274446
13,22.7784,32.7999,1.32595e-11
