,train_loss,val_loss,grad_norm
0,87.2379,36.591,3221.2
1,48.788,119.383,2906.29
2,28.6915,44.6905,555.671
3,26.1663,29.8555,382.873
4,24.1437,24.0957,194.946
5,23.5639,22.9431,177.739
6,22.8713,26.4611,55.763
7,22.8046,30.1319,24.6918
8,22.7845,32.1528,10.1331
9,22.7821,32.2229,4.92276
10,22.7804,32.0459,2.96603
11,22.7791,32.1747,1.34248
12,22.7789,32.1057,0.305323
13,22.7789,32.0989,3.3224e-12
